,year,date,all_2534,HS,SC,BAp_2534,Bao,GD_2534,White_2534,Black_2534,Hisp_2534,NE_2534,MA_2534,Midwest_2534,South_2534,Mountain_2534,Pacific_2534,age,poor,mid,rich,all_3544,HS_3544,SC_3544,BAp_3544,BAo_3544,GD_3544,White_3544,Black_3544,Hisp_3544,NE_3544,MA_3544,Midwest_3544,South_3544,Mountain_3544,Pacific_3544,poor_3544,mid_3544,rich_3544,all_4554,HS_4554,SC_4554,BAp_4554,BAo_4554,GD_4554,White_4554,Black_4554,Hisp_4554,NE_4554,MA_4554,Midwest_4554,South_4554,Mountain_4554,Pacific_4554,poor_4554,mid_4554,rich_4554,edu,work_2534,nowork_2534,work_edu,work_SC_2534,work_BAp_2534,work_BAo_2534,work_GD_2534,nowork_edu,nowork_SC_2534,nowork_BAp_2534,nowork_BAo_2534,nowork_GD_2534,work_White_2534,work_Black_2534,work_Hisp_2534,nowork_White_2534,nowork_Black_2534,nowork_Hisp_2534,work_poor_2534,work_mid_2534,work_rich_2534,nowork_poor_2534,nowork_mid_2534,nowork_rich_2534,nokids_all_2534,kids_all_2534,nokids_HS_2534,nokids_SC_2534,nokids_BAp_2534,nokids_BAo_2534,nokids_GD_2534,kids_HS_2534,kids_SC_2534,kids_BAp_2534,kids_BAo_2534,kids_GD_2534,nokids_poor_2534,nokids_mid_2534,nokids_rich_2534,kids_poor_2534,kids_mid_2534,kids_rich_2534
1,1960,1/1/1960,0.837544766,0.849934621,0.815519614,0.775219709,0.775219709,NA,0.84538158,0.796192061,0.821832786,0.809489425,0.796475386,0.849599843,0.856673674,0.874639518,0.827600253,2354,0.830873247,0.901468888,0.716772367,0.917565213,0.913695699,0.937581373,0.908935727,0.908935727,NA,0.92128288,0.889561731,0.911687172,0.903021046,0.897633206,0.916853224,0.929568287,0.940081444,0.923387467,0.879983981,0.948331796,0.893747252,0.925769376,0.923338815,0.94382953,0.917465171,0.917465171,NA,0.927500791,0.920027094,0.923729979,0.907042584,0.911345634,0.923781118,0.938457169,0.944889302,0.927941086,0.880770191,0.95332791,0.917195624,HS,0.882917814,0.733328468,0.893818928,0.867186002,0.826131408,0.826131408,NA,0.759846777,0.640455447,0.653924997,0.653924997,NA,0.886351398,0.859216424,0.885962425,0.737836184,0.729589811,0.725598446,0.891533074,0.927326533,0.785307807,0.766369473,0.816547486,0.518910635,0.504678934,0.998034961,0.521464029,0.477505852,0.442285225,0.442285225,NA,0.997653561,0.998884002,0.999761228,0.999761228,NA,0.475161989,0.566500648,0.470540782,0.995979752,0.998836663,0.998456724
2,1970,1/1/1970,0.844590729,0.858776938,0.827679044,0.800923181,0.800923181,NA,0.852739002,0.79146435,0.851110302,0.818814815,0.80690896,0.858986308,0.862152202,0.87092883,0.821454409,2354,0.809795117,0.90151919,0.765435236,0.921289608,0.918571911,0.932393787,0.915082708,0.915082708,NA,0.926485222,0.878167549,0.927504209,0.904389705,0.897933535,0.928145067,0.929150472,0.946325351,0.920721141,0.874837621,0.948575199,0.917994868,0.935271419,0.931366188,0.951394244,0.93585044,0.93585044,NA,0.938087213,0.908062751,0.941628959,0.920862225,0.919731201,0.935375277,0.943404569,0.956828194,0.942264764,0.879450534,0.959425611,0.943314504,HS,0.887569856,0.722083892,0.898960749,0.874392675,0.850194429,0.850194429,NA,0.747783765,0.660716757,0.703418696,0.703418696,NA,0.892060057,0.8504009,0.895865237,0.726268904,0.700971922,0.766622865,0.872516511,0.921753126,0.826377665,0.72053662,0.816767502,0.566979092,0.55817841,0.996907603,0.557051946,0.559708437,0.559474672,0.559474672,NA,0.995729612,0.99908241,0.999614019,0.999614019,NA,0.479595978,0.630192984,0.540527035,0.993067374,0.998260025,0.998070296
3,1980,1/1/1980,0.762699761,0.791850045,0.743560718,0.71658382,0.71658382,NA,0.776487319,0.666351247,0.779671275,0.717877381,0.710332036,0.782785025,0.798590562,0.782182548,0.713678939,2354,0.648711075,0.826019634,0.750090639,0.922837113,0.922083831,0.928867927,0.912968116,0.912968116,NA,0.930405569,0.865366912,0.912920606,0.912260331,0.896146752,0.932474116,0.934397325,0.940296631,0.907484056,0.85729596,0.946738842,0.941136632,0.940542448,0.938131427,0.948923265,0.935907608,0.935907608,NA,0.945004079,0.904479277,0.933700682,0.926323413,0.919853896,0.943853291,0.949253799,0.95989897,0.938877624,0.878174,0.961757565,0.960482809,HS,0.812840912,0.656928086,0.845473139,0.793129432,0.77053223,0.77053223,NA,0.701104051,0.609555676,0.593894542,0.593894542,NA,0.820412546,0.746327188,0.825737709,0.668671944,0.57718077,0.71684048,0.698148363,0.844411029,0.818341606,0.607888779,0.768822706,0.547459302,0.531958835,0.993577785,0.540094502,0.526887411,0.524399667,0.524399667,NA,0.991573164,0.995158734,0.997954966,0.997954966,NA,0.412298455,0.593343048,0.563681177,0.981498029,0.996330942,0.997863422
4,1990,1/1/1990,0.650805038,0.66053205,0.667079639,0.609752995,0.596672697,0.646960539,0.67855245,0.493864035,0.653567553,0.594837974,0.584683702,0.675340382,0.689339349,0.69066843,0.604015928,2354,0.531840395,0.718917394,0.637186023,0.873008551,0.861898057,0.887022782,0.873823643,0.868099082,0.882451778,0.885869135,0.775504281,0.867127397,0.857002929,0.843072145,0.886566183,0.891124459,0.888657409,0.843913908,0.771311433,0.904501996,0.912110408,0.935024658,0.927942005,0.948962745,0.935815124,0.936301721,0.935281999,0.942040322,0.882083626,0.921262426,0.925363318,0.91279797,0.941683398,0.944560776,0.947987489,0.924962575,0.866927341,0.956428466,0.961352584,HS,0.704825463,0.538695083,0.72929184,0.71559234,0.651335973,0.638424861,0.690339822,0.557075214,0.53747489,0.474682384,0.451698114,0.529040717,0.721042761,0.588774425,0.701410614,0.566527395,0.395064269,0.596794474,0.558706549,0.74519573,0.713999903,0.509426948,0.633079313,0.440014473,0.424632638,0.974570911,0.417936366,0.439401628,0.420193637,0.407386205,0.458170272,0.963544187,0.982585073,0.99303734,0.99205113,0.995622908,0.324194645,0.465001191,0.464239033,0.930798625,0.984800419,0.991054347
5,2000,1/1/2000,0.608086983,0.62028718,0.622139266,0.570951545,0.556599927,0.611214949,0.630743596,0.497313463,0.634320032,0.536707775,0.534306621,0.620702359,0.648773548,0.642669195,0.571335043,2354,0.457270635,0.658226575,0.661886701,0.821554849,0.80085741,0.838870836,0.839499951,0.830607096,0.855300983,0.839418626,0.704155979,0.824926911,0.804418936,0.791510281,0.832920576,0.838430844,0.836348887,0.795281105,0.684756119,0.858900585,0.88708215,0.903195806,0.887142615,0.914135772,0.913505284,0.907314663,0.921914002,0.912339681,0.82837419,0.900356039,0.89123112,0.881737267,0.909039389,0.916141285,0.909342301,0.886803292,0.799638061,0.930300123,0.952597989,HS,0.649481683,0.522848834,0.668301013,0.663536723,0.608673599,0.594160364,0.652718996,0.552110869,0.508158806,0.45281994,0.428460876,0.507151634,0.668395373,0.547860852,0.657586387,0.52109437,0.439892655,0.606740293,0.471372935,0.678743363,0.704997379,0.445172386,0.591476117,0.558463833,0.402342159,0.942179346,0.407745376,0.399882702,0.396734915,0.379710898,0.445251263,0.920081008,0.952702022,0.980527753,0.978240746,0.986714294,0.277564609,0.413287032,0.513310213,0.857740235,0.958709666,0.979363556
6,2001,1/1/2001,0.600259822,0.606835718,0.614845621,0.57448632,0.557359977,0.621061654,0.624004047,0.463145619,0.620288106,0.518987314,0.522763255,0.620013309,0.639973941,0.642375675,0.560528003,2354,0.439161877,0.640291884,0.682146275,0.82306253,0.804928326,0.837658729,0.839000939,0.832849678,0.850324278,0.837823803,0.702558899,0.836642698,0.81551233,0.796305952,0.832869451,0.84144904,0.832537045,0.792100132,0.673181586,0.85390008,0.911461911,0.905391648,0.894496599,0.914333876,0.911176009,0.905349315,0.919542283,0.914108256,0.832348663,0.902268633,0.895473126,0.885806385,0.909994157,0.916380557,0.91618309,0.890623551,0.800674024,0.927553231,0.967647713,HS,0.638726909,0.50132066,0.650224445,0.653036911,0.607435784,0.592402482,0.651193121,0.515533698,0.500792491,0.471496391,0.439220901,0.543357583,0.658777644,0.508136125,0.650886333,0.521417717,0.379861456,0.548639711,0.461740563,0.657142009,0.717514679,0.414963879,0.581161272,0.533986903,0.378369859,0.944532437,0.35982608,0.38436533,0.397117412,0.375691687,0.456197121,0.923591919,0.953589171,0.980526178,0.97835999,0.986235285,0.264630863,0.390963645,0.489640698,0.862469567,0.957903556,0.975649296
7,2002,1/1/2002,0.603035315,0.604529967,0.618576183,0.584719048,0.570444722,0.623712899,0.627851435,0.465124144,0.620472917,0.543039176,0.528060846,0.619069859,0.636130896,0.649821449,0.568811182,2354,0.445206943,0.640354821,0.686558597,0.819545225,0.805752166,0.829347001,0.832407223,0.824246735,0.847745956,0.83558954,0.71196937,0.815558937,0.788653946,0.791153207,0.828064371,0.840727958,0.838012291,0.789327429,0.674275607,0.84674063,0.910976676,0.898863259,0.887992576,0.905175311,0.907274614,0.902368271,0.914417463,0.906702704,0.817351271,0.911811098,0.883327289,0.877224857,0.903564597,0.912213057,0.916499836,0.87940523,0.785580313,0.92286848,0.965078613,HS,0.642820102,0.510387639,0.643450112,0.658805085,0.625671248,0.612978903,0.661787667,0.529275564,0.510106607,0.471350693,0.447742549,0.52917242,0.665988699,0.514279058,0.650593717,0.528440884,0.381099671,0.553900753,0.467296073,0.657675818,0.722987882,0.423879076,0.58719323,0.541740852,0.379039951,0.94418007,0.355273328,0.388084099,0.402597363,0.386078006,0.448574553,0.923564545,0.949473027,0.983868306,0.981009768,0.99136817,0.264553042,0.391665057,0.488443625,0.852965089,0.95934712,0.980907308
8,2003,1/1/2003,0.592670254,0.596699904,0.605336755,0.573417508,0.552120945,0.633423221,0.619711543,0.443265773,0.613773475,0.532740392,0.499380116,0.607874499,0.63388335,0.644497677,0.551979881,2354,0.428581902,0.628223954,0.685664401,0.819129983,0.804423136,0.82692604,0.834910587,0.825779067,0.851505189,0.835931907,0.694014965,0.832092649,0.799603767,0.786568118,0.830196986,0.835287826,0.845733722,0.79379768,0.675323167,0.846034173,0.911513833,0.895205763,0.882608189,0.902264102,0.905523299,0.896141362,0.919135084,0.904875625,0.811641154,0.897081473,0.891358457,0.872308639,0.903446518,0.90560201,0.908929121,0.876553464,0.775681242,0.919910295,0.965681927,HS,0.634100052,0.495581749,0.640597259,0.651453489,0.607874546,0.585647714,0.675194339,0.512367083,0.483958012,0.472586897,0.446435445,0.532996892,0.656588089,0.517034744,0.638653517,0.521387985,0.329877699,0.55617172,0.456234053,0.643492267,0.724163102,0.402714319,0.579254821,0.535737676,0.370201512,0.939995688,0.34932121,0.376258216,0.392074232,0.372785899,0.450006704,0.920726151,0.943903421,0.97751044,0.973806956,0.986619887,0.250913015,0.381904017,0.488705368,0.855223563,0.95037768,0.979704354
9,2004,1/1/2004,0.589333326,0.588498979,0.60579703,0.57392694,0.552405021,0.631309043,0.615645908,0.433411192,0.607789986,0.498556958,0.505288088,0.606012018,0.629115089,0.633369746,0.551275419,2354,0.431891789,0.623472471,0.681854212,0.812621992,0.792185933,0.826200504,0.831550958,0.819197134,0.854188238,0.830683873,0.697027774,0.812311024,0.790193234,0.786203999,0.82916641,0.825586505,0.819197956,0.79005109,0.656903249,0.841531989,0.911798497,0.89104091,0.879229486,0.901431851,0.897721541,0.890677593,0.908584222,0.900093181,0.806690984,0.899216136,0.878515915,0.872493579,0.894812233,0.90526933,0.895688281,0.872688449,0.772761747,0.913914342,0.964230751,HS,0.629905395,0.49651664,0.631336652,0.646521112,0.611532155,0.589102805,0.674301483,0.509299916,0.499906039,0.465401457,0.440910815,0.522497101,0.652412578,0.492116629,0.63169171,0.522019822,0.341558105,0.55198191,0.448176109,0.640188855,0.724186992,0.416617466,0.571857894,0.520055318,0.368235177,0.935669877,0.347153503,0.369711613,0.394352133,0.373719672,0.452486778,0.909857755,0.948744152,0.974377878,0.970674977,0.983147482,0.261007623,0.378318773,0.480123494,0.843616684,0.949020926,0.975206882
10,2005,1/1/2005,0.576792829,0.569854078,0.591255849,0.572944109,0.549753467,0.636657853,0.601777662,0.433118681,0.596375668,0.502671438,0.490216708,0.592042425,0.614152346,0.613659714,0.545569813,2354,0.41584907,0.60939859,0.673910996,0.811266377,0.789689838,0.822076173,0.834189941,0.821758291,0.856533338,0.826834818,0.696336121,0.817074306,0.793512631,0.782049328,0.825949042,0.827882393,0.818270981,0.78309251,0.657964926,0.836979406,0.9134723,0.88406327,0.868671836,0.893118162,0.897739505,0.890262609,0.908979219,0.893727429,0.800182416,0.889485013,0.879668022,0.863879489,0.888671514,0.894885058,0.893391103,0.868574561,0.7543166,0.909119662,0.964788668,HS,0.620522559,0.478344964,0.623829165,0.631669548,0.604445962,0.582691666,0.66802561,0.473266683,0.485392507,0.481964349,0.448315057,0.560002365,0.642295944,0.49024144,0.62635973,0.498241284,0.346706707,0.529802264,0.437325696,0.627380667,0.719619532,0.396486546,0.55401065,0.505405587,0.358708386,0.929575782,0.334638794,0.358504854,0.392100555,0.368580091,0.460253657,0.899520927,0.942459837,0.978418063,0.975042077,0.986686934,0.249126483,0.3703434,0.468480183,0.825770193,0.942383979,0.978228849
11,2006,1/1/2006,0.534462401,0.518215552,0.556302367,0.540880721,0.520847767,0.596914587,0.565791389,0.373360974,0.551326194,0.464454099,0.454665367,0.558715217,0.56541375,0.576611319,0.495320673,2354,0.397177814,0.58627819,0.568182433,0.784864044,0.748700285,0.805244847,0.824160652,0.812564744,0.845103147,0.8072396,0.643724384,0.788773449,0.758782892,0.748827448,0.797052034,0.803144464,0.802568764,0.759834594,0.64640895,0.824864619,0.846249599,0.86392332,0.838375363,0.879629841,0.88869954,0.880381851,0.90174962,0.877282473,0.755578288,0.868894417,0.846890089,0.839180326,0.871368661,0.876547597,0.873884341,0.847975672,0.737677236,0.900853287,0.917291016,HS,0.584967196,0.429979395,0.581099934,0.599140504,0.57640894,0.556825091,0.633724033,0.417565501,0.451951372,0.43744768,0.411102558,0.502369804,0.611483387,0.45042825,0.582035568,0.45737797,0.284728971,0.483517199,0.421331926,0.608092843,0.656143019,0.372233536,0.518871626,0.383321519,0.333101025,0.922353929,0.311735114,0.341298888,0.360824391,0.340574187,0.419777509,0.891058621,0.936411049,0.973349156,0.969602377,0.982897254,0.242603124,0.357217498,0.386116888,0.811231759,0.939555523,0.976465431
12,2007,1/1/2007,0.522851128,0.50594766,0.538380063,0.536882038,0.512122271,0.605020292,0.5537714,0.358963339,0.543298852,0.454277293,0.44617392,0.543878957,0.55190624,0.56745337,0.48676652,2354,0.381725295,0.58416539,0.556118461,0.781509657,0.744116158,0.800854242,0.822112499,0.808570592,0.84708288,0.806055906,0.645745751,0.774059269,0.767083813,0.749353716,0.794618122,0.799532716,0.786389089,0.753792618,0.636392107,0.821363331,0.847332129,0.860963185,0.836329796,0.875583184,0.886216639,0.876535629,0.901747273,0.87587672,0.745003319,0.865578119,0.851638155,0.838181116,0.868515037,0.872428774,0.872564163,0.842597993,0.732195715,0.898062185,0.915776611,HS,0.575874195,0.41534642,0.573454711,0.585663036,0.569632602,0.546833621,0.636543673,0.400418963,0.426303549,0.442698947,0.405433947,0.528769056,0.601365615,0.445445899,0.574435662,0.444461656,0.258176662,0.474997903,0.405225755,0.609070648,0.646698146,0.356091089,0.508641185,0.372365165,0.318266206,0.917952827,0.294275659,0.317102522,0.358587632,0.33566946,0.425608541,0.887894655,0.92677234,0.972854139,0.968282174,0.983772279,0.224132653,0.347659143,0.375482224,0.808571041,0.938844199,0.969041644
13,2008,1/1/2008,0.508944203,0.490141516,0.521649822,0.526083364,0.499935649,0.598524835,0.541506699,0.354174931,0.519025441,0.435606232,0.429160135,0.531698195,0.543369357,0.539650546,0.469887768,2354,0.35857184,0.569683515,0.544090393,0.775613532,0.733681786,0.793409136,0.82043239,0.808140034,0.842848694,0.80277784,0.631746803,0.765913183,0.770530652,0.738514181,0.791723677,0.796866291,0.778065146,0.739249074,0.629199721,0.814379208,0.844641964,0.851539227,0.821053293,0.868859394,0.881106479,0.870485096,0.898375855,0.867230329,0.729201566,0.857099627,0.844364599,0.820940796,0.859809545,0.864662375,0.858830077,0.836311097,0.717559475,0.890348986,0.911719663,HS,0.562479859,0.371214617,0.559723173,0.56595978,0.562420968,0.535488733,0.639112268,0.365185019,0.38464488,0.370420481,0.341627195,0.441609377,0.589536657,0.43075921,0.554888633,0.397509902,0.245757376,0.424101658,0.380188196,0.596625421,0.634910968,0.331158099,0.457019071,0.318487075,0.3061467,0.911851448,0.283600675,0.302131624,0.345316727,0.318987032,0.421825604,0.875421597,0.921534857,0.972852864,0.967190952,0.986855079,0.208816632,0.334573068,0.36429513,0.783313898,0.934631149,0.969957521
14,2009,1/1/2009,0.485451411,0.464045522,0.499829448,0.503342366,0.473736547,0.585470074,0.518622742,0.334120833,0.49288185,0.422401347,0.405188796,0.497255297,0.52322999,0.525387466,0.447593199,2354,0.348068967,0.531209602,0.531426516,0.771074758,0.72144514,0.790623912,0.825208024,0.813073105,0.846524479,0.799152963,0.623285855,0.759908729,0.761230185,0.73184934,0.788147839,0.788526282,0.779924791,0.741771902,0.613124457,0.812760368,0.845870122,0.84644574,0.814706862,0.860746975,0.882860909,0.875191228,0.895367916,0.864329826,0.71813878,0.846148603,0.844564154,0.822791575,0.856258904,0.857167468,0.854499339,0.826450116,0.704883642,0.887710151,0.906984322,HS,0.542842683,0.366840675,0.536876333,0.551133078,0.541473546,0.511412773,0.625618335,0.364714333,0.375129525,0.360866258,0.331357026,0.440041317,0.570075458,0.415270106,0.531635676,0.39267636,0.241215748,0.417135115,0.366324212,0.558065514,0.631289041,0.33160556,0.443895937,0.30797619,0.287819647,0.904281025,0.255673106,0.292825967,0.328795057,0.302736714,0.406510083,0.866890705,0.910349194,0.970068218,0.964334434,0.983318693,0.192983088,0.304861203,0.355858567,0.777213915,0.925347679,0.968983013
15,2010,1/1/2010,0.476288788,0.452012263,0.49155802,0.497120104,0.468556463,0.574487484,0.508890066,0.32448795,0.486230138,0.401502279,0.401740693,0.494320236,0.503833982,0.531344186,0.444923007,2354,0.337389869,0.524902384,0.521623596,0.766188662,0.717174892,0.782087564,0.822181374,0.806619112,0.84982893,0.797133353,0.616674249,0.752783065,0.752286918,0.727467798,0.780735208,0.781851662,0.785105578,0.739512104,0.613240208,0.804587135,0.847359421,0.841462682,0.80753433,0.858174688,0.880763373,0.870449449,0.897864488,0.860477499,0.710128143,0.840220591,0.82778215,0.81490958,0.850053931,0.853247011,0.852011161,0.82509701,0.702748443,0.876715687,0.910066104,HS,0.535847279,0.365153029,0.526165879,0.543518363,0.539222841,0.510856915,0.616787765,0.359718841,0.383669021,0.352308251,0.321399675,0.43336214,0.563156418,0.408735504,0.525390897,0.392234603,0.240170658,0.412593939,0.348856302,0.550288813,0.628813357,0.328373677,0.450080888,0.297559339,0.285631856,0.900890842,0.2553992,0.287733164,0.326603751,0.299765343,0.40355664,0.859095684,0.908871691,0.969723211,0.964276434,0.982413812,0.190059856,0.307735631,0.348000703,0.776259641,0.919767519,0.967811778
16,2011,1/1/2011,0.463638416,0.435932153,0.478352514,0.488902973,0.458168507,0.572026065,0.498742556,0.304586359,0.471892347,0.402771958,0.391578724,0.479815719,0.490782568,0.510188839,0.434042476,2354,0.324146323,0.5128984,0.507946712,0.762193366,0.706397724,0.779567782,0.824550343,0.80978846,0.849690327,0.795096114,0.615108736,0.744020436,0.752126843,0.720669479,0.777820083,0.77694547,0.786197014,0.734937264,0.603654967,0.802015257,0.847007018,0.836845455,0.800364413,0.854797085,0.878919828,0.869994391,0.893861513,0.856173978,0.706884765,0.836673832,0.834369091,0.815808049,0.845520752,0.845611214,0.846705502,0.819508846,0.692947452,0.873689121,0.907332996,HS,0.52785035,0.340391091,0.514014719,0.538494556,0.532567042,0.501958929,0.615620874,0.335908121,0.351288588,0.33626171,0.304473636,0.421255708,0.55861908,0.382309051,0.515155082,0.363519044,0.225733871,0.390435753,0.34084657,0.544271612,0.617412737,0.310722986,0.415852739,0.277820399,0.273753203,0.895265781,0.238306173,0.28009506,0.316235802,0.291816836,0.388025375,0.852630409,0.897580149,0.969932923,0.962897225,0.985242697,0.181204604,0.295563876,0.333337885,0.760185319,0.91631136,0.965742199
17,2012,1/1/2012,0.452800905,0.426314146,0.468286081,0.474122834,0.441817742,0.558242891,0.485319687,0.312411478,0.458058509,0.382042349,0.368890894,0.477250456,0.485020058,0.499263566,0.414213539,2354,0.313075841,0.500322027,0.497649495,0.756787542,0.698750841,0.769452607,0.823920875,0.806940762,0.853178171,0.791368418,0.601971735,0.735307906,0.745936606,0.713631756,0.773042725,0.771514856,0.770011608,0.734457118,0.594464048,0.794057375,0.845135043,0.83716791,0.801791069,0.852961999,0.878254496,0.868943572,0.893537032,0.856072016,0.712970378,0.835601324,0.832734893,0.817400422,0.843639782,0.84849889,0.845347105,0.817177036,0.698500602,0.872953498,0.905736167,HS,0.514004524,0.326612373,0.506234521,0.523341213,0.513297715,0.481228767,0.597829666,0.316423093,0.344399385,0.327667848,0.292088633,0.416226674,0.541959112,0.39261955,0.501069843,0.348584389,0.223277936,0.36852236,0.332194347,0.531093567,0.599793058,0.296284707,0.397305201,0.274373955,0.267710055,0.891234652,0.234882725,0.271835637,0.307113827,0.279553095,0.384126159,0.844139917,0.8998862,0.963520024,0.955472913,0.980757059,0.174808661,0.28931683,0.325285809,0.749063541,0.912267742,0.965699518
,1960,,,0.913695699,0.937581373,,0.908935727,,,,,,,,,,,3544,0.879983981,0.948331796,0.893747252,,,,,,,,,,,,,,,,,,,,,,,,,,,,,,,,,,,,,SC,,,0.867186002,,,,,0.640455447,,,,,,,,,,,,,,,,,,,,,,,,,,,,,,,,,,
,1970,,,0.918571911,0.932393787,,0.915082708,,,,,,,,,,,3544,0.874837621,0.948575199,0.917994868,,,,,,,,,,,,,,,,,,,,,,,,,,,,,,,,,,,,,SC,,,0.874392675,,,,,0.660716757,,,,,,,,,,,,,,,,,,,,,,,,,,,,,,,,,,
,1980,,,0.922083831,0.928867927,,0.912968116,,,,,,,,,,,3544,0.85729596,0.946738842,0.941136632,,,,,,,,,,,,,,,,,,,,,,,,,,,,,,,,,,,,,SC,,,0.793129432,,,,,0.609555676,,,,,,,,,,,,,,,,,,,,,,,,,,,,,,,,,,
,1990,,,0.861898057,0.887022782,,0.868099082,,,,,,,,,,,3544,0.771311433,0.904501996,0.912110408,,,,,,,,,,,,,,,,,,,,,,,,,,,,,,,,,,,,,SC,,,0.71559234,,,,,0.53747489,,,,,,,,,,,,,,,,,,,,,,,,,,,,,,,,,,
,2000,,,0.80085741,0.838870836,,0.830607096,,,,,,,,,,,3544,0.684756119,0.858900585,0.88708215,,,,,,,,,,,,,,,,,,,,,,,,,,,,,,,,,,,,,SC,,,0.663536723,,,,,0.508158806,,,,,,,,,,,,,,,,,,,,,,,,,,,,,,,,,,
,2001,,,0.804928326,0.837658729,,0.832849678,,,,,,,,,,,3544,0.673181586,0.85390008,0.911461911,,,,,,,,,,,,,,,,,,,,,,,,,,,,,,,,,,,,,SC,,,0.653036911,,,,,0.500792491,,,,,,,,,,,,,,,,,,,,,,,,,,,,,,,,,,
,2002,,,0.805752166,0.829347001,,0.824246735,,,,,,,,,,,3544,0.674275607,0.84674063,0.910976676,,,,,,,,,,,,,,,,,,,,,,,,,,,,,,,,,,,,,SC,,,0.658805085,,,,,0.510106607,,,,,,,,,,,,,,,,,,,,,,,,,,,,,,,,,,
,2003,,,0.804423136,0.82692604,,0.825779067,,,,,,,,,,,3544,0.675323167,0.846034173,0.911513833,,,,,,,,,,,,,,,,,,,,,,,,,,,,,,,,,,,,,SC,,,0.651453489,,,,,0.483958012,,,,,,,,,,,,,,,,,,,,,,,,,,,,,,,,,,
,2004,,,0.792185933,0.826200504,,0.819197134,,,,,,,,,,,3544,0.656903249,0.841531989,0.911798497,,,,,,,,,,,,,,,,,,,,,,,,,,,,,,,,,,,,,SC,,,0.646521112,,,,,0.499906039,,,,,,,,,,,,,,,,,,,,,,,,,,,,,,,,,,
,2005,,,0.789689838,0.822076173,,0.821758291,,,,,,,,,,,3544,0.657964926,0.836979406,0.9134723,,,,,,,,,,,,,,,,,,,,,,,,,,,,,,,,,,,,,SC,,,0.631669548,,,,,0.485392507,,,,,,,,,,,,,,,,,,,,,,,,,,,,,,,,,,
,2006,,,0.748700285,0.805244847,,0.812564744,,,,,,,,,,,3544,0.64640895,0.824864619,0.846249599,,,,,,,,,,,,,,,,,,,,,,,,,,,,,,,,,,,,,SC,,,0.599140504,,,,,0.451951372,,,,,,,,,,,,,,,,,,,,,,,,,,,,,,,,,,
,2007,,,0.744116158,0.800854242,,0.808570592,,,,,,,,,,,3544,0.636392107,0.821363331,0.847332129,,,,,,,,,,,,,,,,,,,,,,,,,,,,,,,,,,,,,SC,,,0.585663036,,,,,0.426303549,,,,,,,,,,,,,,,,,,,,,,,,,,,,,,,,,,
,2008,,,0.733681786,0.793409136,,0.808140034,,,,,,,,,,,3544,0.629199721,0.814379208,0.844641964,,,,,,,,,,,,,,,,,,,,,,,,,,,,,,,,,,,,,SC,,,0.56595978,,,,,0.38464488,,,,,,,,,,,,,,,,,,,,,,,,,,,,,,,,,,
,2009,,,0.72144514,0.790623912,,0.813073105,,,,,,,,,,,3544,0.613124457,0.812760368,0.845870122,,,,,,,,,,,,,,,,,,,,,,,,,,,,,,,,,,,,,SC,,,0.551133078,,,,,0.375129525,,,,,,,,,,,,,,,,,,,,,,,,,,,,,,,,,,
,2010,,,0.717174892,0.782087564,,0.806619112,,,,,,,,,,,3544,0.613240208,0.804587135,0.847359421,,,,,,,,,,,,,,,,,,,,,,,,,,,,,,,,,,,,,SC,,,0.543518363,,,,,0.383669021,,,,,,,,,,,,,,,,,,,,,,,,,,,,,,,,,,
,2011,,,0.706397724,0.779567782,,0.80978846,,,,,,,,,,,3544,0.603654967,0.802015257,0.847007018,,,,,,,,,,,,,,,,,,,,,,,,,,,,,,,,,,,,,SC,,,0.538494556,,,,,0.351288588,,,,,,,,,,,,,,,,,,,,,,,,,,,,,,,,,,
,2012,,,0.698750841,0.769452607,,0.806940762,,,,,,,,,,,3544,0.594464048,0.794057375,0.845135043,,,,,,,,,,,,,,,,,,,,,,,,,,,,,,,,,,,,,SC,,,0.523341213,,,,,0.344399385,,,,,,,,,,,,,,,,,,,,,,,,,,,,,,,,,,
,1960,,,0.923338815,0.94382953,,0.917465171,,,,,,,,,,,4554,0.880770191,0.95332791,0.917195624,,,,,,,,,,,,,,,,,,,,,,,,,,,,,,,,,,,,,Bao,,,0.826131408,,,,,0.653924997,,,,,,,,,,,,,,,,,,,,,,,,,,,,,,,,,,
,1970,,,0.931366188,0.951394244,,0.93585044,,,,,,,,,,,4554,0.879450534,0.959425611,0.943314504,,,,,,,,,,,,,,,,,,,,,,,,,,,,,,,,,,,,,Bao,,,0.850194429,,,,,0.703418696,,,,,,,,,,,,,,,,,,,,,,,,,,,,,,,,,,
,1980,,,0.938131427,0.948923265,,0.935907608,,,,,,,,,,,4554,0.878174,0.961757565,0.960482809,,,,,,,,,,,,,,,,,,,,,,,,,,,,,,,,,,,,,Bao,,,0.77053223,,,,,0.593894542,,,,,,,,,,,,,,,,,,,,,,,,,,,,,,,,,,
,1990,,,0.927942005,0.948962745,,0.936301721,,,,,,,,,,,4554,0.866927341,0.956428466,0.961352584,,,,,,,,,,,,,,,,,,,,,,,,,,,,,,,,,,,,,Bao,,,0.638424861,,,,,0.451698114,,,,,,,,,,,,,,,,,,,,,,,,,,,,,,,,,,
,2000,,,0.887142615,0.914135772,,0.907314663,,,,,,,,,,,4554,0.799638061,0.930300123,0.952597989,,,,,,,,,,,,,,,,,,,,,,,,,,,,,,,,,,,,,Bao,,,0.594160364,,,,,0.428460876,,,,,,,,,,,,,,,,,,,,,,,,,,,,,,,,,,
,2001,,,0.894496599,0.914333876,,0.905349315,,,,,,,,,,,4554,0.800674024,0.927553231,0.967647713,,,,,,,,,,,,,,,,,,,,,,,,,,,,,,,,,,,,,Bao,,,0.592402482,,,,,0.439220901,,,,,,,,,,,,,,,,,,,,,,,,,,,,,,,,,,
,2002,,,0.887992576,0.905175311,,0.902368271,,,,,,,,,,,4554,0.785580313,0.92286848,0.965078613,,,,,,,,,,,,,,,,,,,,,,,,,,,,,,,,,,,,,Bao,,,0.612978903,,,,,0.447742549,,,,,,,,,,,,,,,,,,,,,,,,,,,,,,,,,,
,2003,,,0.882608189,0.902264102,,0.896141362,,,,,,,,,,,4554,0.775681242,0.919910295,0.965681927,,,,,,,,,,,,,,,,,,,,,,,,,,,,,,,,,,,,,Bao,,,0.585647714,,,,,0.446435445,,,,,,,,,,,,,,,,,,,,,,,,,,,,,,,,,,
,2004,,,0.879229486,0.901431851,,0.890677593,,,,,,,,,,,4554,0.772761747,0.913914342,0.964230751,,,,,,,,,,,,,,,,,,,,,,,,,,,,,,,,,,,,,Bao,,,0.589102805,,,,,0.440910815,,,,,,,,,,,,,,,,,,,,,,,,,,,,,,,,,,
,2005,,,0.868671836,0.893118162,,0.890262609,,,,,,,,,,,4554,0.7543166,0.909119662,0.964788668,,,,,,,,,,,,,,,,,,,,,,,,,,,,,,,,,,,,,Bao,,,0.582691666,,,,,0.448315057,,,,,,,,,,,,,,,,,,,,,,,,,,,,,,,,,,
,2006,,,0.838375363,0.879629841,,0.880381851,,,,,,,,,,,4554,0.737677236,0.900853287,0.917291016,,,,,,,,,,,,,,,,,,,,,,,,,,,,,,,,,,,,,Bao,,,0.556825091,,,,,0.411102558,,,,,,,,,,,,,,,,,,,,,,,,,,,,,,,,,,
,2007,,,0.836329796,0.875583184,,0.876535629,,,,,,,,,,,4554,0.732195715,0.898062185,0.915776611,,,,,,,,,,,,,,,,,,,,,,,,,,,,,,,,,,,,,Bao,,,0.546833621,,,,,0.405433947,,,,,,,,,,,,,,,,,,,,,,,,,,,,,,,,,,
,2008,,,0.821053293,0.868859394,,0.870485096,,,,,,,,,,,4554,0.717559475,0.890348986,0.911719663,,,,,,,,,,,,,,,,,,,,,,,,,,,,,,,,,,,,,Bao,,,0.535488733,,,,,0.341627195,,,,,,,,,,,,,,,,,,,,,,,,,,,,,,,,,,
,2009,,,0.814706862,0.860746975,,0.875191228,,,,,,,,,,,4554,0.704883642,0.887710151,0.906984322,,,,,,,,,,,,,,,,,,,,,,,,,,,,,,,,,,,,,Bao,,,0.511412773,,,,,0.331357026,,,,,,,,,,,,,,,,,,,,,,,,,,,,,,,,,,
,2010,,,0.80753433,0.858174688,,0.870449449,,,,,,,,,,,4554,0.702748443,0.876715687,0.910066104,,,,,,,,,,,,,,,,,,,,,,,,,,,,,,,,,,,,,Bao,,,0.510856915,,,,,0.321399675,,,,,,,,,,,,,,,,,,,,,,,,,,,,,,,,,,
,2011,,,0.800364413,0.854797085,,0.869994391,,,,,,,,,,,4554,0.692947452,0.873689121,0.907332996,,,,,,,,,,,,,,,,,,,,,,,,,,,,,,,,,,,,,Bao,,,0.501958929,,,,,0.304473636,,,,,,,,,,,,,,,,,,,,,,,,,,,,,,,,,,
,2012,,,0.801791069,0.852961999,,0.868943572,,,,,,,,,,,4554,0.698500602,0.872953498,0.905736167,,,,,,,,,,,,,,,,,,,,,,,,,,,,,,,,,,,,,Bao,,,0.481228767,,,,,0.292088633,,,,,,,,,,,,,,,,,,,,,,,,,,,,,,,,,,
