,year,date,all_2534,HS,SC,age,,BAp_2534,Bao,GD_2534,White_2534,Black_2534,Hisp_2534,NE_2534,MA_2534,Midwest_2534,South_2534,Mountain_2534,Pacific_2534,poor,mid,rich,all_3544,HS_3544,SC_3544,BAp_3544,BAo_3544,GD_3544,White_3544,Black_3544,Hisp_3544,NE_3544,MA_3544,Midwest_3544,South_3544,Mountain_3544,Pacific_3544,poor_3544,mid_3544,rich_3544,all_4554,HS_4554,SC_4554,BAp_4554,BAo_4554,GD_4554,White_4554,Black_4554,Hisp_4554,NE_4554,MA_4554,Midwest_4554,South_4554,Mountain_4554,Pacific_4554,poor_4554,mid_4554,rich_4554,edu,work_2534,nowork_2534,work_edu,work_SC_2534,work_BAp_2534,work_BAo_2534,work_GD_2534,nowork_edu,nowork_SC_2534,nowork_BAp_2534,nowork_BAo_2534,nowork_GD_2534,work_White_2534,work_Black_2534,work_Hisp_2534,nowork_White_2534,nowork_Black_2534,nowork_Hisp_2534,work_poor_2534,work_mid_2534,work_rich_2534,nowork_poor_2534,nowork_mid_2534,nowork_rich_2534,nokids_all_2534,kids_all_2534,nokids_HS_2534,nokids_SC_2534,nokids_BAp_2534,nokids_BAo_2534,nokids_GD_2534,kids_HS_2534,kids_SC_2534,kids_BAp_2534,kids_BAo_2534,kids_GD_2534,nokids_poor_2534,nokids_mid_2534,nokids_rich_2534,kids_poor_2534,kids_mid_2534,kids_rich_2534
1,1960,1/1/1960,0.914058259,0.924980025,0.885371887,2354,,0.711777778,0.711777778,NA,0.920422922,0.872722601,0.900788686,0.888837433,0.874614474,0.92491816,0.922880475,0.94183199,0.933248558,0.888720873,0.946954926,0.870808108,0.940648031,0.946991674,0.928769623,0.751608238,0.751608238,NA,0.94170425,0.930870051,0.942678147,0.912798085,0.914670594,0.945304413,0.949294295,0.964886922,0.959821432,0.91420339,0.95669337,0.934685356,0.929083502,0.939492637,0.900496929,0.715376065,0.715376065,NA,0.927564345,0.940792387,0.943804163,0.888941533,0.903584578,0.930451427,0.941910348,0.960421071,0.952381673,0.913615042,0.939183251,0.924570502,HS,0.745611245,0.94946406,0.774884417,0.658435904,0.522415622,0.522415622,NA,0.955462599,0.937811885,0.775359833,0.775359833,NA,0.738015479,0.802145782,0.719372404,0.957605825,0.891798147,0.933782489,0.696205615,0.770391852,0.745218724,0.91919064,0.975148244,0.922024501,0.584481214,0.996490329,0.608226042,0.537511993,0.426404749,0.426404749,NA,0.995981912,0.998814162,0.998031535,0.998031535,NA,0.547722778,0.625443828,0.572692806,0.986924408,0.999550116,0.999743561
2,1970,1/1/1970,0.900021641,0.916920977,0.874840564,2354,,0.729990037,0.729990037,NA,0.910616259,0.833132052,0.887307724,0.876322098,0.862349062,0.909067234,0.911321701,0.921662125,0.903099333,0.848008143,0.933539241,0.886382385,0.943381693,0.948451605,0.942679354,0.814145439,0.814145439,NA,0.948044112,0.912499519,0.930989843,0.923705314,0.920304659,0.948213164,0.950728395,0.960403933,0.951932139,0.902486559,0.960064142,0.951324278,0.944977324,0.95048662,0.939261889,0.808430324,0.808430324,NA,0.946513524,0.932103453,0.942151206,0.918652886,0.922886452,0.94839365,0.95268502,0.963618486,0.960753381,0.913502806,0.956428056,0.954018954,HS,0.788731436,0.933508052,0.824756,0.719422555,0.604349645,0.604349645,NA,0.943742776,0.924950892,0.775218308,0.775218308,NA,0.790776441,0.791812049,0.752780154,0.945227475,0.850561743,0.919340055,0.684370883,0.815068493,0.816958017,0.885719708,0.964240841,0.920207621,0.58601862,0.984798817,0.602840493,0.576790263,0.512396694,0.512396694,NA,0.981907071,0.993765811,0.995088409,0.995088409,NA,0.513097471,0.613673279,0.617007287,0.952873749,0.994875086,0.996159428
3,1980,1/1/1980,0.838026668,0.877505815,0.810704148,2354,,0.704751995,0.704751995,NA,0.8585364,0.70327765,0.843020957,0.797454496,0.785873313,0.850821665,0.8628193,0.870228074,0.820147565,0.7264303,0.873055472,0.879909556,0.939149317,0.946936996,0.94063755,0.857315158,0.857315158,NA,0.950068347,0.871249495,0.924442153,0.927451259,0.908424474,0.945847761,0.94701914,0.962067345,0.941521707,0.883524951,0.951914082,0.969275607,0.953933173,0.959000361,0.954954955,0.867455665,0.867455665,NA,0.959294165,0.921138598,0.935751295,0.93476663,0.929447911,0.959498623,0.960546188,0.972412495,0.961476259,0.91821516,0.962191554,0.973140846,HS,0.770078099,0.878616642,0.829623968,0.732884224,0.629106742,0.629106742,NA,0.901311688,0.8688292,0.755031791,0.755031791,NA,0.779957626,0.704266874,0.783354783,0.906292083,0.702626162,0.867981246,0.619981456,0.770754625,0.856284143,0.766846796,0.933845731,0.901345986,0.585750975,0.961026733,0.614581404,0.580392557,0.533203456,0.533203456,NA,0.953776804,0.970909487,0.98700439,0.98700439,NA,0.451107119,0.601498633,0.69403972,0.884370085,0.982599388,0.989863808
4,1990,1/1/1990,0.755518567,0.788715265,0.770365596,2354,,0.668061256,0.670529899,0.659272262,0.794099262,0.535930652,0.759356127,0.704475775,0.689476347,0.772817286,0.782132603,0.805237673,0.736228638,0.620084395,0.793596773,0.814798568,0.902837291,0.910811685,0.918235978,0.86869524,0.880949458,0.84731096,0.921911051,0.783671495,0.889062428,0.886961851,0.869204372,0.910103262,0.91571261,0.927694931,0.893659901,0.823273206,0.915704879,0.956691578,0.945759964,0.950214626,0.957609746,0.914636178,0.935260243,0.884470228,0.955905328,0.885272098,0.926320159,0.933489434,0.919468554,0.950136556,0.954302613,0.962657599,0.945729262,0.902260154,0.952355984,0.976072048,HS,0.715399361,0.792793555,0.777062183,0.731988088,0.607255971,0.604918982,0.616107875,0.796346267,0.815374973,0.748081903,0.759591383,0.710194047,0.738415365,0.564504915,0.721299261,0.85183582,0.513147127,0.780360032,0.536643067,0.716015587,0.800814184,0.654066365,0.877463423,0.835616413,0.506744237,0.916143652,0.527838873,0.524627712,0.470419941,0.468384884,0.477270758,0.8933436,0.926971087,0.974184496,0.973865743,0.975426672,0.381839159,0.501173928,0.621922562,0.770650901,0.960597632,0.975904989
5,2000,1/1/2000,0.702438939,0.726205888,0.722581661,2354,,0.649393977,0.649719832,0.648463296,0.744356412,0.474895886,0.736342103,0.642992572,0.628966433,0.718204517,0.731561235,0.748474453,0.680895385,0.527430237,0.74103252,0.803302411,0.866009149,0.862316584,0.881575919,0.852092673,0.86070107,0.833269442,0.896436633,0.691825756,0.866728593,0.848034839,0.831407153,0.876050434,0.876548674,0.892556598,0.855464053,0.751716376,0.886247454,0.941320788,0.920378448,0.922325761,0.933737054,0.901728827,0.910878783,0.888649125,0.935897182,0.820521944,0.911147056,0.903858329,0.89253548,0.924706575,0.930863336,0.937680856,0.914901791,0.853691917,0.929262181,0.969450848,HS,0.667622873,0.738409038,0.708068429,0.691614807,0.606128308,0.603268256,0.614860061,0.738382531,0.762593735,0.71045064,0.718026821,0.690686334,0.702368078,0.484148376,0.687158746,0.796523691,0.465508653,0.763920394,0.439812396,0.665878611,0.793046814,0.568907008,0.83328069,0.819506551,0.467567312,0.872819631,0.476762607,0.472922248,0.457875919,0.449231179,0.480571172,0.838559323,0.873261922,0.951041401,0.947986152,0.961080573,0.318744504,0.459176788,0.620815443,0.683746685,0.923162748,0.964421156
6,2001,1/1/2001,0.693292535,0.710575824,0.711518052,2354,,0.653212267,0.651250611,0.658633495,0.73899249,0.45075283,0.720647918,0.638524327,0.61607291,0.710226453,0.722050531,0.740254606,0.67157986,0.51781367,0.722912527,0.809758393,0.863349905,0.859349955,0.87873165,0.851201975,0.860899502,0.829606203,0.896011711,0.682403397,0.864844558,0.850382957,0.836308547,0.870637216,0.871546345,0.88824301,0.854013878,0.74136995,0.880332616,0.951976582,0.917810892,0.920309337,0.9290069,0.90180807,0.908453663,0.891585768,0.935295501,0.807304868,0.909389194,0.906874676,0.894757819,0.925605603,0.925569668,0.935532788,0.90667327,0.843922813,0.925740109,0.97585402,HS,0.646695057,0.744788434,0.674836948,0.671793865,0.594576069,0.588923246,0.611002127,0.739164857,0.764253169,0.7337159,0.739546611,0.718646954,0.690593556,0.444731695,0.668629036,0.797701373,0.459246682,0.758447816,0.428743492,0.641108113,0.780958407,0.565833101,0.829877475,0.856062226,0.467092565,0.853856937,0.471568801,0.468713144,0.463348135,0.452414347,0.491093789,0.81245253,0.853479696,0.946119283,0.940590261,0.963674265,0.319850449,0.443481279,0.636111089,0.651419535,0.907297604,0.959225927
7,2002,1/1/2002,0.689260909,0.705917773,0.703295588,2354,,0.6552947,0.649793497,0.670093536,0.732458227,0.455176742,0.72298436,0.639501012,0.611116479,0.701255548,0.716448739,0.759480489,0.665218736,0.510827976,0.720712341,0.805494786,0.860348093,0.856481062,0.875224592,0.848860867,0.854824137,0.835727948,0.895381858,0.673066693,0.856466491,0.85145615,0.820389815,0.875684879,0.869356478,0.893732637,0.8448327,0.738012061,0.879405119,0.945325627,0.915046955,0.917914556,0.927594008,0.896994704,0.906933466,0.881855452,0.933361926,0.803698361,0.90119057,0.88824826,0.891667347,0.923256034,0.923331798,0.934544306,0.906595654,0.844986684,0.921072908,0.973121653,HS,0.648797609,0.730865559,0.679300795,0.665420923,0.604746739,0.595518302,0.631074995,0.725491339,0.750088043,0.71939771,0.721125819,0.715073305,0.688388163,0.457619838,0.680201848,0.782109964,0.452261008,0.754734315,0.416657965,0.641337285,0.785724073,0.555271716,0.818160708,0.835867209,0.465161187,0.846859879,0.463051114,0.466172242,0.46578263,0.45347177,0.49705414,0.808851621,0.836528389,0.943465781,0.936748317,0.963242979,0.308105992,0.451211819,0.625521951,0.644209221,0.898673349,0.958396034
8,2003,1/1/2003,0.682906625,0.694710875,0.705622044,2354,,0.64672827,0.642884021,0.656460467,0.728736916,0.442974829,0.709018161,0.603358146,0.60158878,0.69652222,0.715228156,0.737062147,0.660949388,0.497025186,0.712784094,0.809607108,0.858410749,0.849173806,0.874068238,0.853811671,0.861925637,0.836231936,0.892708281,0.663712727,0.864285289,0.848562259,0.823533401,0.870534596,0.865219448,0.895335258,0.846863864,0.729645256,0.877376973,0.949295357,0.910497178,0.911847747,0.920824991,0.897095825,0.902607535,0.88813057,0.929915037,0.778489514,0.908712569,0.89913542,0.879488468,0.915080191,0.919526563,0.934853463,0.905802666,0.831283106,0.919483168,0.971812681,HS,0.640189837,0.727163781,0.65461282,0.674065343,0.595122792,0.589034058,0.61118426,0.725041303,0.743524009,0.713669362,0.714616352,0.711394045,0.683152519,0.448916969,0.648653404,0.78071737,0.435816128,0.752766439,0.409872775,0.624644116,0.787116985,0.536958742,0.82226168,0.845320406,0.454101172,0.844419392,0.451867275,0.46102765,0.45138035,0.441781594,0.474457138,0.801071531,0.841432451,0.937293297,0.931239068,0.95388158,0.302839675,0.434353091,0.624572685,0.629341055,0.896733719,0.963828186
9,2004,1/1/2004,0.675517915,0.67851332,0.698484551,2354,,0.650088626,0.645382536,0.661736095,0.722820472,0.423084367,0.701864936,0.601103921,0.593298603,0.68880605,0.701585635,0.748460886,0.656111601,0.484077454,0.703295799,0.811988863,0.856377381,0.845591974,0.870735132,0.855291439,0.863985165,0.836483537,0.892170099,0.668239734,0.849844789,0.840152861,0.821456894,0.870061168,0.865141127,0.885905668,0.843027491,0.722446012,0.87882377,0.951147105,0.906164358,0.90474205,0.918036793,0.895088041,0.902758285,0.882627544,0.926664551,0.78015453,0.898378696,0.893442608,0.871585761,0.912512016,0.916340269,0.927512673,0.900709401,0.821699842,0.915881933,0.972788794,HS,0.635848779,0.716002776,0.653429771,0.659934444,0.598939886,0.589610238,0.623508137,0.696719709,0.744308043,0.715377231,0.71949271,0.705945281,0.678521294,0.430226802,0.655042759,0.772015862,0.414816973,0.738192058,0.397108807,0.615542263,0.793180494,0.5230131,0.810124171,0.841850068,0.445507657,0.837072523,0.43241615,0.447920826,0.451208477,0.43475232,0.488677726,0.781314673,0.839637259,0.938416914,0.933101508,0.953346419,0.277556724,0.428598304,0.625821437,0.618988085,0.890091432,0.961758352
10,2005,1/1/2005,0.664308225,0.665370836,0.684935808,2354,,0.643321436,0.637504658,0.657782288,0.710127926,0.418138301,0.693295382,0.593876181,0.580748102,0.682755518,0.690089848,0.706142929,0.648903904,0.470043135,0.693921574,0.802007316,0.850983488,0.839031603,0.864282743,0.852473744,0.860414882,0.836439266,0.884934569,0.660943536,0.853133683,0.827975301,0.812844383,0.865484681,0.861937385,0.874718628,0.837992825,0.716518991,0.87002833,0.951086896,0.902284004,0.901691695,0.915035087,0.888755389,0.896372553,0.876123637,0.924612799,0.764918739,0.897702532,0.896326458,0.875963508,0.9072178,0.909351143,0.923687511,0.89597872,0.812961872,0.912173474,0.971846072,HS,0.620113631,0.708614865,0.632250836,0.646314298,0.586245521,0.576399742,0.61210177,0.688174701,0.730533615,0.717473809,0.719785873,0.712111036,0.662662226,0.420404513,0.633151056,0.763170754,0.415650929,0.736162315,0.379013339,0.601550004,0.778289576,0.509358011,0.806316406,0.83826767,0.435276209,0.831575999,0.421088502,0.437570115,0.442263008,0.426399178,0.479103549,0.777131895,0.828647832,0.938878826,0.933064045,0.954918238,0.284068144,0.418417446,0.608326801,0.600115242,0.88769055,0.961647824
11,2006,1/1/2006,0.63778716,0.635992964,0.656428381,2354,,0.621752099,0.612339707,0.644717472,0.684428246,0.38462709,0.670066856,0.573428216,0.550507298,0.654203452,0.666458704,0.685058056,0.616006921,0.45456096,0.672314453,0.752083176,0.834508805,0.815745969,0.852880586,0.839518596,0.844799117,0.828831821,0.874230868,0.626470167,0.839100061,0.818725202,0.79270841,0.847654935,0.846372223,0.860477896,0.820933462,0.699628833,0.856351317,0.92572192,0.893514628,0.885958918,0.912164217,0.883830825,0.889228081,0.874432502,0.917888261,0.748443579,0.883666554,0.884746101,0.861967062,0.901385619,0.90053713,0.911228012,0.889915151,0.804744783,0.90779503,0.953963972,HS,0.597953649,0.678652926,0.606283992,0.619846519,0.571177882,0.557797295,0.605949557,0.65702049,0.699744761,0.690493505,0.689716793,0.692237465,0.639799175,0.396575907,0.613207413,0.735664535,0.372027915,0.713293344,0.371911165,0.587106757,0.740159208,0.493286695,0.779378877,0.76945099,0.410371987,0.819667706,0.395602828,0.402663064,0.424714598,0.407629662,0.464667445,0.765176576,0.815439155,0.929134916,0.921706169,0.948531751,0.27222256,0.403393332,0.544240197,0.591997412,0.874690277,0.950956873
12,2007,1/1/2007,0.625096785,0.622855104,0.640015824,2354,,0.613435105,0.602598755,0.63919028,0.67375499,0.369534239,0.648394021,0.562290813,0.541788282,0.64274198,0.648798279,0.682955901,0.603486409,0.434450119,0.662217804,0.74496371,0.831429692,0.809741014,0.846043856,0.843163033,0.848366322,0.833058946,0.871579851,0.624339192,0.83073786,0.807084705,0.79630831,0.84492871,0.841581913,0.85326737,0.819155087,0.695910908,0.853278887,0.923715528,0.890902962,0.884722229,0.904245412,0.885188498,0.892782838,0.871858144,0.914707495,0.745870909,0.88982707,0.879488057,0.857740459,0.902227333,0.89928746,0.908200463,0.881321175,0.798589935,0.90597518,0.954811385,HS,0.585292326,0.666686845,0.593006883,0.603368085,0.563197191,0.548907126,0.598434179,0.644184638,0.683972812,0.683290362,0.679216229,0.692498711,0.632897567,0.373892838,0.587750173,0.720991795,0.364639014,0.696569633,0.353831677,0.575105401,0.736432552,0.475123112,0.771980006,0.75759093,0.396112462,0.812486253,0.369044167,0.39448269,0.41432825,0.395625202,0.456918311,0.761464672,0.800058002,0.92309374,0.914182718,0.945765224,0.252706966,0.392368293,0.532920216,0.577348449,0.868895745,0.950834548
13,2008,1/1/2008,0.614047417,0.608519629,0.627298648,2354,,0.606128063,0.59733612,0.627034925,0.662578609,0.359429452,0.635716881,0.545442401,0.529348158,0.631301413,0.641097031,0.665449062,0.590541628,0.421660324,0.648243842,0.738563636,0.827681261,0.80282284,0.841797292,0.8405411,0.847964255,0.826570839,0.869765896,0.618253742,0.823963789,0.816279559,0.784793495,0.842600698,0.841070625,0.848286837,0.808650977,0.692689072,0.846409195,0.925308384,0.884919996,0.873704279,0.900218691,0.882381881,0.887911224,0.872338707,0.912186537,0.728841244,0.876016268,0.880081141,0.855145715,0.892560284,0.892937561,0.905879452,0.874790094,0.786320627,0.901431346,0.950565253,HS,0.580566259,0.660588654,0.581731537,0.597382531,0.564343744,0.550487171,0.597234788,0.630811619,0.674567793,0.694235025,0.695958819,0.690120302,0.626523242,0.368013018,0.588578404,0.718279117,0.346204097,0.683033428,0.340589273,0.569532662,0.7400275,0.47230301,0.7861073,0.735602218,0.383422494,0.804590899,0.361285825,0.379605427,0.399059107,0.38198821,0.437544845,0.746253328,0.788394365,0.925739674,0.91655985,0.949498061,0.250759365,0.374595685,0.519221812,0.557716347,0.861017446,0.950742356
14,2009,1/1/2009,0.591347572,0.586834079,0.603163594,2354,,0.584288532,0.569757224,0.617511334,0.638074579,0.347725128,0.613073376,0.520909374,0.506503306,0.602736166,0.623307305,0.643747949,0.565801959,0.404679067,0.625069854,0.719978132,0.822947084,0.792196681,0.835215074,0.843715551,0.850058281,0.832206813,0.868372924,0.60329056,0.812637988,0.812048379,0.778725617,0.838146847,0.83603986,0.845368966,0.803992026,0.680657903,0.845727391,0.920417185,0.883010459,0.87325092,0.896955845,0.880033445,0.885647452,0.869964359,0.91083924,0.719819912,0.872605508,0.877283088,0.851501872,0.889418543,0.89170327,0.901426143,0.87614315,0.78578405,0.89854841,0.949313935,HS,0.559020082,0.634959277,0.560011633,0.572339714,0.547356525,0.527214839,0.593163757,0.607950457,0.648338938,0.662104689,0.658948048,0.669402697,0.600600957,0.360935392,0.566718611,0.694502899,0.329468685,0.659947773,0.319241018,0.546508624,0.723603828,0.455104733,0.76154165,0.712728299,0.368204471,0.792121775,0.341744268,0.361017336,0.386851134,0.36619886,0.432845629,0.729593767,0.772066287,0.920524689,0.909000267,0.948094211,0.232381045,0.360368156,0.508302341,0.547468722,0.854026376,0.944684492
15,2010,1/1/2010,0.584516359,0.577817429,0.595322329,2354,,0.580443417,0.568320792,0.607502297,0.631289806,0.343063624,0.605991702,0.506900993,0.499338768,0.603871715,0.608656551,0.650940735,0.563574711,0.403210954,0.612548218,0.715406278,0.819136449,0.784299068,0.832339934,0.842580643,0.848095101,0.832915997,0.868179347,0.603830969,0.804367409,0.805211199,0.77912591,0.834600319,0.829981747,0.833332394,0.80547072,0.674206308,0.838352401,0.925673994,0.87877285,0.868277287,0.889773491,0.880361265,0.886228526,0.869301053,0.90792363,0.71906651,0.869489659,0.867022058,0.848939201,0.886307697,0.888357427,0.897386248,0.86814899,0.778383042,0.893425403,0.949870481,HS,0.556277698,0.621193005,0.554422738,0.567811675,0.547904832,0.528067438,0.59126644,0.595387729,0.634053381,0.646434093,0.648370903,0.641921066,0.598809212,0.352589177,0.56891111,0.679739975,0.330865854,0.641903355,0.323472369,0.53436556,0.722232592,0.445256411,0.74444969,0.701808896,0.364226675,0.785131436,0.336743453,0.356990458,0.383303988,0.365499927,0.42187194,0.720006581,0.763505031,0.918042418,0.907008457,0.943988416,0.229514174,0.354666227,0.50354989,0.546416526,0.841245677,0.940734585
16,2011,1/1/2011,0.57023176,0.559389519,0.580752087,2354,,0.569852145,0.55302528,0.607021745,0.619489809,0.332581189,0.580422957,0.513653785,0.482562701,0.589632809,0.592065777,0.632286998,0.553237954,0.38946255,0.599507716,0.69820946,0.813050429,0.775140223,0.82418018,0.840353113,0.840921923,0.839384695,0.862822163,0.588406305,0.79939365,0.805549113,0.776139113,0.824761661,0.821301817,0.844369266,0.798388385,0.667815524,0.831994081,0.923842306,0.876482098,0.863843503,0.888666838,0.879632484,0.886141931,0.867500996,0.907561491,0.708724844,0.865830803,0.870085589,0.847490277,0.886983788,0.88348584,0.888674844,0.868075911,0.775082176,0.890892845,0.949998251,HS,0.539327484,0.609368168,0.532946335,0.551932675,0.532843545,0.509487519,0.583491554,0.578561789,0.618569598,0.645497332,0.640469725,0.657035008,0.583870937,0.344986271,0.536818775,0.67124977,0.317313857,0.621178235,0.29874682,0.51880525,0.702683044,0.435825611,0.730960505,0.689315292,0.34899413,0.776609195,0.320707468,0.341384782,0.368712216,0.344551707,0.420458901,0.706559101,0.754160251,0.911627917,0.898159661,0.943007432,0.222679204,0.342357849,0.475532296,0.531269444,0.832588328,0.939928774
17,2012,1/1/2012,0.559278369,0.545484422,0.568586343,2354,,0.562141489,0.544210385,0.601071646,0.607952134,0.317941148,0.573008953,0.48904861,0.480058513,0.579026767,0.584954283,0.618767389,0.531173281,0.374137771,0.586625915,0.690567866,0.810926968,0.771605931,0.818104541,0.841194895,0.842956928,0.838239421,0.859615837,0.589801406,0.799365179,0.797405628,0.769858894,0.823650736,0.82024958,0.836924288,0.79931532,0.659523607,0.830994181,0.92225559,0.876688287,0.861290494,0.889640235,0.882292542,0.888884251,0.870267243,0.908021769,0.711968857,0.864740166,0.870119982,0.847940192,0.887320619,0.884338571,0.893409254,0.864456587,0.775652947,0.889902323,0.951348198,HS,0.533254691,0.593426246,0.532160839,0.539428181,0.529050122,0.503925747,0.582778564,0.555184679,0.607931748,0.633091768,0.629297595,0.641603325,0.576586147,0.333092528,0.536196851,0.655802513,0.29890109,0.608735535,0.296013145,0.510619153,0.69939759,0.415453156,0.7155608,0.672882705,0.341965595,0.771793106,0.302505161,0.337730698,0.364583494,0.341239389,0.414363831,0.70177002,0.74330713,0.909905382,0.89595518,0.941174464,0.215357562,0.333576689,0.470089894,0.514512381,0.829273113,0.938696164
,1960,,,0.946991674,0.928769623,3544,,,0.751608238,,,,,,,,,,,0.91420339,0.95669337,0.934685356,,,,,,,,,,,,,,,,,,,,,,,,,,,,,,,,,,,,,SC,,,0.658435904,,,,,0.937811885,,,,,,,,,,,,,,,,,,,,,,,,,,,,,,,,,,
,1970,,,0.948451605,0.942679354,3544,,,0.814145439,,,,,,,,,,,0.902486559,0.960064142,0.951324278,,,,,,,,,,,,,,,,,,,,,,,,,,,,,,,,,,,,,SC,,,0.719422555,,,,,0.924950892,,,,,,,,,,,,,,,,,,,,,,,,,,,,,,,,,,
,1980,,,0.946936996,0.94063755,3544,,,0.857315158,,,,,,,,,,,0.883524951,0.951914082,0.969275607,,,,,,,,,,,,,,,,,,,,,,,,,,,,,,,,,,,,,SC,,,0.732884224,,,,,0.8688292,,,,,,,,,,,,,,,,,,,,,,,,,,,,,,,,,,
,1990,,,0.910811685,0.918235978,3544,,,0.880949458,,,,,,,,,,,0.823273206,0.915704879,0.956691578,,,,,,,,,,,,,,,,,,,,,,,,,,,,,,,,,,,,,SC,,,0.731988088,,,,,0.815374973,,,,,,,,,,,,,,,,,,,,,,,,,,,,,,,,,,
,2000,,,0.862316584,0.881575919,3544,,,0.86070107,,,,,,,,,,,0.751716376,0.886247454,0.941320788,,,,,,,,,,,,,,,,,,,,,,,,,,,,,,,,,,,,,SC,,,0.691614807,,,,,0.762593735,,,,,,,,,,,,,,,,,,,,,,,,,,,,,,,,,,
,2001,,,0.859349955,0.87873165,3544,,,0.860899502,,,,,,,,,,,0.74136995,0.880332616,0.951976582,,,,,,,,,,,,,,,,,,,,,,,,,,,,,,,,,,,,,SC,,,0.671793865,,,,,0.764253169,,,,,,,,,,,,,,,,,,,,,,,,,,,,,,,,,,
,2002,,,0.856481062,0.875224592,3544,,,0.854824137,,,,,,,,,,,0.738012061,0.879405119,0.945325627,,,,,,,,,,,,,,,,,,,,,,,,,,,,,,,,,,,,,SC,,,0.665420923,,,,,0.750088043,,,,,,,,,,,,,,,,,,,,,,,,,,,,,,,,,,
,2003,,,0.849173806,0.874068238,3544,,,0.861925637,,,,,,,,,,,0.729645256,0.877376973,0.949295357,,,,,,,,,,,,,,,,,,,,,,,,,,,,,,,,,,,,,SC,,,0.674065343,,,,,0.743524009,,,,,,,,,,,,,,,,,,,,,,,,,,,,,,,,,,
,2004,,,0.845591974,0.870735132,3544,,,0.863985165,,,,,,,,,,,0.722446012,0.87882377,0.951147105,,,,,,,,,,,,,,,,,,,,,,,,,,,,,,,,,,,,,SC,,,0.659934444,,,,,0.744308043,,,,,,,,,,,,,,,,,,,,,,,,,,,,,,,,,,
,2005,,,0.839031603,0.864282743,3544,,,0.860414882,,,,,,,,,,,0.716518991,0.87002833,0.951086896,,,,,,,,,,,,,,,,,,,,,,,,,,,,,,,,,,,,,SC,,,0.646314298,,,,,0.730533615,,,,,,,,,,,,,,,,,,,,,,,,,,,,,,,,,,
,2006,,,0.815745969,0.852880586,3544,,,0.844799117,,,,,,,,,,,0.699628833,0.856351317,0.92572192,,,,,,,,,,,,,,,,,,,,,,,,,,,,,,,,,,,,,SC,,,0.619846519,,,,,0.699744761,,,,,,,,,,,,,,,,,,,,,,,,,,,,,,,,,,
,2007,,,0.809741014,0.846043856,3544,,,0.848366322,,,,,,,,,,,0.695910908,0.853278887,0.923715528,,,,,,,,,,,,,,,,,,,,,,,,,,,,,,,,,,,,,SC,,,0.603368085,,,,,0.683972812,,,,,,,,,,,,,,,,,,,,,,,,,,,,,,,,,,
,2008,,,0.80282284,0.841797292,3544,,,0.847964255,,,,,,,,,,,0.692689072,0.846409195,0.925308384,,,,,,,,,,,,,,,,,,,,,,,,,,,,,,,,,,,,,SC,,,0.597382531,,,,,0.674567793,,,,,,,,,,,,,,,,,,,,,,,,,,,,,,,,,,
,2009,,,0.792196681,0.835215074,3544,,,0.850058281,,,,,,,,,,,0.680657903,0.845727391,0.920417185,,,,,,,,,,,,,,,,,,,,,,,,,,,,,,,,,,,,,SC,,,0.572339714,,,,,0.648338938,,,,,,,,,,,,,,,,,,,,,,,,,,,,,,,,,,
,2010,,,0.784299068,0.832339934,3544,,,0.848095101,,,,,,,,,,,0.674206308,0.838352401,0.925673994,,,,,,,,,,,,,,,,,,,,,,,,,,,,,,,,,,,,,SC,,,0.567811675,,,,,0.634053381,,,,,,,,,,,,,,,,,,,,,,,,,,,,,,,,,,
,2011,,,0.775140223,0.82418018,3544,,,0.840921923,,,,,,,,,,,0.667815524,0.831994081,0.923842306,,,,,,,,,,,,,,,,,,,,,,,,,,,,,,,,,,,,,SC,,,0.551932675,,,,,0.618569598,,,,,,,,,,,,,,,,,,,,,,,,,,,,,,,,,,
,2012,,,0.771605931,0.818104541,3544,,,0.842956928,,,,,,,,,,,0.659523607,0.830994181,0.92225559,,,,,,,,,,,,,,,,,,,,,,,,,,,,,,,,,,,,,SC,,,0.539428181,,,,,0.607931748,,,,,,,,,,,,,,,,,,,,,,,,,,,,,,,,,,
,1960,,,0.939492637,0.900496929,4554,,,0.715376065,,,,,,,,,,,0.913615042,0.939183251,0.924570502,,,,,,,,,,,,,,,,,,,,,,,,,,,,,,,,,,,,,Bao,,,0.522415622,,,,,0.775359833,,,,,,,,,,,,,,,,,,,,,,,,,,,,,,,,,,
,1970,,,0.95048662,0.939261889,4554,,,0.808430324,,,,,,,,,,,0.913502806,0.956428056,0.954018954,,,,,,,,,,,,,,,,,,,,,,,,,,,,,,,,,,,,,Bao,,,0.604349645,,,,,0.775218308,,,,,,,,,,,,,,,,,,,,,,,,,,,,,,,,,,
,1980,,,0.959000361,0.954954955,4554,,,0.867455665,,,,,,,,,,,0.91821516,0.962191554,0.973140846,,,,,,,,,,,,,,,,,,,,,,,,,,,,,,,,,,,,,Bao,,,0.629106742,,,,,0.755031791,,,,,,,,,,,,,,,,,,,,,,,,,,,,,,,,,,
,1990,,,0.950214626,0.957609746,4554,,,0.935260243,,,,,,,,,,,0.902260154,0.952355984,0.976072048,,,,,,,,,,,,,,,,,,,,,,,,,,,,,,,,,,,,,Bao,,,0.604918982,,,,,0.759591383,,,,,,,,,,,,,,,,,,,,,,,,,,,,,,,,,,
,2000,,,0.922325761,0.933737054,4554,,,0.910878783,,,,,,,,,,,0.853691917,0.929262181,0.969450848,,,,,,,,,,,,,,,,,,,,,,,,,,,,,,,,,,,,,Bao,,,0.603268256,,,,,0.718026821,,,,,,,,,,,,,,,,,,,,,,,,,,,,,,,,,,
,2001,,,0.920309337,0.9290069,4554,,,0.908453663,,,,,,,,,,,0.843922813,0.925740109,0.97585402,,,,,,,,,,,,,,,,,,,,,,,,,,,,,,,,,,,,,Bao,,,0.588923246,,,,,0.739546611,,,,,,,,,,,,,,,,,,,,,,,,,,,,,,,,,,
,2002,,,0.917914556,0.927594008,4554,,,0.906933466,,,,,,,,,,,0.844986684,0.921072908,0.973121653,,,,,,,,,,,,,,,,,,,,,,,,,,,,,,,,,,,,,Bao,,,0.595518302,,,,,0.721125819,,,,,,,,,,,,,,,,,,,,,,,,,,,,,,,,,,
,2003,,,0.911847747,0.920824991,4554,,,0.902607535,,,,,,,,,,,0.831283106,0.919483168,0.971812681,,,,,,,,,,,,,,,,,,,,,,,,,,,,,,,,,,,,,Bao,,,0.589034058,,,,,0.714616352,,,,,,,,,,,,,,,,,,,,,,,,,,,,,,,,,,
,2004,,,0.90474205,0.918036793,4554,,,0.902758285,,,,,,,,,,,0.821699842,0.915881933,0.972788794,,,,,,,,,,,,,,,,,,,,,,,,,,,,,,,,,,,,,Bao,,,0.589610238,,,,,0.71949271,,,,,,,,,,,,,,,,,,,,,,,,,,,,,,,,,,
,2005,,,0.901691695,0.915035087,4554,,,0.896372553,,,,,,,,,,,0.812961872,0.912173474,0.971846072,,,,,,,,,,,,,,,,,,,,,,,,,,,,,,,,,,,,,Bao,,,0.576399742,,,,,0.719785873,,,,,,,,,,,,,,,,,,,,,,,,,,,,,,,,,,
,2006,,,0.885958918,0.912164217,4554,,,0.889228081,,,,,,,,,,,0.804744783,0.90779503,0.953963972,,,,,,,,,,,,,,,,,,,,,,,,,,,,,,,,,,,,,Bao,,,0.557797295,,,,,0.689716793,,,,,,,,,,,,,,,,,,,,,,,,,,,,,,,,,,
,2007,,,0.884722229,0.904245412,4554,,,0.892782838,,,,,,,,,,,0.798589935,0.90597518,0.954811385,,,,,,,,,,,,,,,,,,,,,,,,,,,,,,,,,,,,,Bao,,,0.548907126,,,,,0.679216229,,,,,,,,,,,,,,,,,,,,,,,,,,,,,,,,,,
,2008,,,0.873704279,0.900218691,4554,,,0.887911224,,,,,,,,,,,0.786320627,0.901431346,0.950565253,,,,,,,,,,,,,,,,,,,,,,,,,,,,,,,,,,,,,Bao,,,0.550487171,,,,,0.695958819,,,,,,,,,,,,,,,,,,,,,,,,,,,,,,,,,,
,2009,,,0.87325092,0.896955845,4554,,,0.885647452,,,,,,,,,,,0.78578405,0.89854841,0.949313935,,,,,,,,,,,,,,,,,,,,,,,,,,,,,,,,,,,,,Bao,,,0.527214839,,,,,0.658948048,,,,,,,,,,,,,,,,,,,,,,,,,,,,,,,,,,
,2010,,,0.868277287,0.889773491,4554,,,0.886228526,,,,,,,,,,,0.778383042,0.893425403,0.949870481,,,,,,,,,,,,,,,,,,,,,,,,,,,,,,,,,,,,,Bao,,,0.528067438,,,,,0.648370903,,,,,,,,,,,,,,,,,,,,,,,,,,,,,,,,,,
,2011,,,0.863843503,0.888666838,4554,,,0.886141931,,,,,,,,,,,0.775082176,0.890892845,0.949998251,,,,,,,,,,,,,,,,,,,,,,,,,,,,,,,,,,,,,Bao,,,0.509487519,,,,,0.640469725,,,,,,,,,,,,,,,,,,,,,,,,,,,,,,,,,,
,2012,,,0.861290494,0.889640235,4554,,,0.888884251,,,,,,,,,,,0.775652947,0.889902323,0.951348198,,,,,,,,,,,,,,,,,,,,,,,,,,,,,,,,,,,,,Bao,,,0.503925747,,,,,0.629297595,,,,,,,,,,,,,,,,,,,,,,,,,,,,,,,,,,
